Epoch,Step,Total,CE,feat
0,0,7.09375,7.09375,
0,10,14.25,14.25,
